INSERT INTO Categorii (codC, numeC) VALUES (1, 'Aperitiv')
INSERT INTO Categorii (codC, numeC) VALUES (2, 'Desert')
INSERT INTO Categorii (codC, numeC) VALUES (3, 'Bauturi')
INSERT INTO Categorii (codC, numeC) VALUES (4, 'Felul 1')
INSERT INTO Categorii (codC, numeC) VALUES (5, 'Felul 2')

INSERT INTO Preparate (codC, numeP, pret, timp_preparare) VALUES (1, 'Saratele', 1, 5)
INSERT INTO Preparate (codC, numeP, pret, timp_preparare) VALUES (2, 'Profiterol', 10, 20)
INSERT INTO Preparate (codC, numeP, pret, timp_preparare) VALUES (3, 'Coca-Cola', 2, 7)
INSERT INTO Preparate (codC, numeP, pret, timp_preparare) VALUES (3, 'Prigat', 2.5, 7)
INSERT INTO Preparate (codC, numeP, pret, timp_preparare) VALUES (4, 'Ciorba de burta', 3, 30)
INSERT INTO Preparate (codC, numeP, pret, timp_preparare) VALUES (4, 'Supa de pui', 2.3, 30)
INSERT INTO Preparate (codC, numeP, pret, timp_preparare) VALUES (5, 'Cartofi pai', 3, 25)
INSERT INTO Preparate (codC, numeP, pret, timp_preparare) VALUES (2, 'Prajitura Parlament', 15, 60)
INSERT INTO Preparate (codC, numeP, pret, timp_preparare) VALUES (5, 'Salata Beuf', 6, 30)
INSERT INTO Preparate (codC, numeP, pret, timp_preparare) VALUES (5, 'Pui pe sticla', 20, 90)
INSERT INTO Preparate (codC, numeP, pret, timp_preparare) VALUES (5, 'Cartofi aurii', 10, 30)
INSERT INTO Preparate (codC, numeP, pret, timp_preparare) VALUES (5, 'Pulple pui', 9, 40)

INSERT INTO Ingrediente (numeI, unitate_masura) VALUES ('sare', 'mg')
INSERT INTO Ingrediente (numeI, unitate_masura) VALUES ('zahar', 'mg')
INSERT INTO Ingrediente (numeI, unitate_masura) VALUES ('cartofi', 'kg')
INSERT INTO Ingrediente (numeI, unitate_masura) VALUES ('pui', 'g')
INSERT INTO Ingrediente (numeI, unitate_masura) VALUES ('delikat', 'mg')
INSERT INTO Ingrediente (numeI, unitate_masura) VALUES ('ulei', 'ml')
INSERT INTO Ingrediente (numeI, unitate_masura) VALUES ('apa', 'ml')
INSERT INTO Ingrediente (numeI, unitate_masura) VALUES ('faina', 'g')
INSERT INTO Ingrediente (numeI, unitate_masura) VALUES ('oua', 'buc')
INSERT INTO Ingrediente (numeI, unitate_masura) VALUES ('smantana', 'g')
INSERT INTO Ingrediente (numeI, unitate_masura) VALUES ('cartofi', 'g')
INSERT INTO Ingrediente (numeI, unitate_masura) VALUES ('frisca', 'ml')
INSERT INTO Ingrediente (numeI, unitate_masura) VALUES ('fineti', 'mg')
INSERT INTO Ingrediente (numeI, unitate_masura) VALUES ('nuca', 'mg')
INSERT INTO Ingrediente (numeI, unitate_masura) VALUES ('pui', 'g')
INSERT INTO Ingrediente (numeI, unitate_masura) VALUES ('pulpe de pui', 'g')
INSERT INTO Ingrediente (numeI, unitate_masura) VALUES ('morcovi', 'g')
INSERT INTO Ingrediente (numeI, unitate_masura) VALUES ('castraveti', 'g')

INSERT INTO Retete (codP, codI, cantitate) VALUES(2, 6, 100)
INSERT INTO Retete (codP, codI, cantitate) VALUES(2, 7, 200)
INSERT INTO Retete (codP, codI, cantitate) VALUES(2, 8, 200)
INSERT INTO Retete (codP, codI, cantitate) VALUES(2, 9, 4)
INSERT INTO Retete (codP, codI, cantitate) VALUES(2, 1, 50)
INSERT INTO Retete (codP, codI, cantitate) VALUES(7, 1, 20)
INSERT INTO Retete (codP, codI, cantitate) VALUES(7, 11, 300)
INSERT INTO Retete (codP, codI, cantitate) VALUES(5, 1, 28)
INSERT INTO Retete (codP, codI, cantitate) VALUES(12, 10, 200)
INSERT INTO Retete (codP, codI, cantitate) VALUES(12, 1, 130)
INSERT INTO Retete (codP, codI, cantitate) VALUES(12, 6, 300)
INSERT INTO Retete (codP, codI, cantitate) VALUES(7, 6, 150)
INSERT INTO Retete (codP, codI, cantitate) VALUES(8, 12, 500)
INSERT INTO Retete (codP, codI, cantitate) VALUES(8, 13, 250)
INSERT INTO Retete (codP, codI, cantitate) VALUES(8, 14, 500)
INSERT INTO Retete (codP, codI, cantitate) VALUES(8, 9, 5)
INSERT INTO Retete (codP, codI, cantitate) VALUES(8, 6, 100)
INSERT INTO Retete (codP, codI, cantitate) VALUES(8, 2, 250)
INSERT INTO Retete (codP, codI, cantitate) VALUES(9, 18, 200)
INSERT INTO Retete (codP, codI, cantitate) VALUES(9, 17, 200)
INSERT INTO Retete (codP, codI, cantitate) VALUES(9, 11, 200)
INSERT INTO Retete (codP, codI, cantitate) VALUES(9, 9, 1)
INSERT INTO Retete (codP, codI, cantitate) VALUES(9, 6, 100)
INSERT INTO Retete (codP, codI, cantitate) VALUES(9, 1, 50)
INSERT INTO Retete (codP, codI, cantitate) VALUES(10, 15, 500)
INSERT INTO Retete (codP, codI, cantitate) VALUES(10, 5, 80)
INSERT INTO Retete (codP, codI, cantitate) VALUES(11, 11, 250)
INSERT INTO Retete (codP, codI, cantitate) VALUES(11, 1, 50)
INSERT INTO Retete (codP, codI, cantitate) VALUES(11, 6, 50)

select * from Ingrediente
select * from Retete
select p.numeP
from Preparate p, Retete r
where codI=21